Time,V_Current,U_Current,SBG EKF Velocity N,SBG EKF Velocity E,SBG EKF Velocity N Acc,SBG EKF Velocity E Acc,SBG EKF Latitude,SBG EKF Longitude,SBG Heading2,OD19_TRUE_WIND_SPEED,OD19_TRUE_WIND_DIRECTION,ADCP_DC3_V2,ADCP_DC4_V2
1474113861.9999561,0.0063930820401895535,-0.33895402397525554,8.511029728463798,14.035876023454207,0.09847400075586552,0.09875781515477049,32.7041748018832,-117.83616051829262,58.98,3.3363449999999997,245.2252,16.61936236391913,16.576594090202178
1474113862.9999552,0.0064019443212559,-0.338964551765472,8.468847623323764,14.082958130962556,0.0986659719752116,0.09894940254755005,32.70421442510862,-117.83608308180274,59.03,3.1991487000000003,247.55132000000003,16.576594090202178,16.46384136858476
1474113863.9999542,0.00641074030030462,-0.33897406570358635,8.44888145779006,14.094552763884028,0.09862215781054268,0.09890568977103079,32.70425363365431,-117.8360057902155,59.01,2.835208,250.03517000000002,16.67768273716952,16.580482115085537
1474113864.9999533,0.006419507115318823,-0.33898246890503547,8.318573468209797,14.076709376523507,0.09864767141420029,0.09893135545691288,32.704292446497796,-117.83592850882073,59.0,2.8108177000000003,249.85095,16.603810264385693,16.551321928460343
1474113865.9999523,0.006428312640722947,-0.3389898302219134,8.245523943686004,14.11276694219183,0.09863327429695042,0.09891720456802641,32.70433098073285,-117.83585098653555,58.99,2.7452526,242.86102000000002,16.763219284603423,16.763219284603423
1474113866.9999514,0.006437116280019101,-0.3389951063778319,8.199146338977489,14.162138683799638,0.09832530779239736,0.09860931048358025,32.704368830019014,-117.83577338966265,59.0,2.583386,234.95342999999997,16.691290824261277,16.6796267496112
1474113867.9999504,0.006446025292591245,-0.33900003940953655,8.148329439652652,14.184413022980165,0.09827099271222926,0.09855516196965801,32.704406728296924,-117.83569529420504,59.04,2.2855642000000005,236.14854,16.636858475894247,16.61353032659409
1474113868.9999495,0.006454982008861001,-0.339004699373341,8.156134589092913,14.218435873325284,0.09823696974601197,0.09852100140523763,32.70444461979154,-117.83561691085552,59.11,2.005487,243.69113,16.582426127527217,16.654354587869364
1474113869.9999485,0.006463984317436087,-0.3390097903144595,8.1615397941269,14.216936023943532,0.09850959523840233,0.09879346757339283,32.70448273827917,-117.83553823480815,59.15,1.9796506999999999,251.07306,16.62519440124417,16.61353032659409
1474113870.9999475,0.0064727680080375605,-0.3390144009755701,8.160218851377213,14.18162096714714,0.09833604769424925,0.09861970276891907,32.704520413556644,-117.8354602586991,59.19,2.0309317,252.81586000000001,16.549377916018663,16.438569206842924
1474113871.9999466,0.006481568330813478,-0.3390199069442963,8.217461557818424,14.146720269234333,0.09864408661890921,0.09892724199484149,32.70455843200669,-117.835382088818,59.27,1.9027371,250.6062,16.378304821150856,16.391912908242613
1474113872.9999456,0.00649017394584181,-0.3390265754243632,8.27923903754488,14.117970993136916,0.09863974865450645,0.09892273022218219,32.704596591975566,-117.83530450334749,59.34,1.7984941000000003,250.77374,16.489113530326595,16.436625194401245
1474113873.9999447,0.006498577708247795,-0.33903415904867695,8.31908701367178,14.075089947061258,0.09836715937216954,0.09865001782566356,32.704634800461434,-117.8352275337516,59.45,1.714541,252.2183,16.504665629860032,16.46384136858476
1474113874.9999437,0.006507114246907283,-0.3390425352182858,8.36466370993417,14.05328465842904,0.09858379687992262,0.09886680017363043,32.70467347740355,-117.83514993942123,59.54,1.6545055,260.12225,16.40357698289269,16.36275272161742
1474113875.9999428,0.006515359600510349,-0.3390517168717112,8.354128612144553,14.058756605833539,0.09832370730803507,0.0986068192319032,32.70471204281964,-117.83507329476222,59.64,1.8299332999999998,259.3225,16.578538102643858,16.494945567651634
1474113876.9999418,0.006523740360122178,-0.3390598625737603,8.274426171049175,14.084374552381169,0.09836700004793437,0.09865001782566356,32.70475046687585,-117.83499604664703,59.68,1.8100414,260.25714,16.40357698289269,16.40746500777605
1474113877.9999409,0.006532106839042155,-0.33906739868266145,8.218027940990394,14.099536194215482,0.09842219865340653,0.09870520918912502,32.70478868660887,-117.83491874375306,59.66,1.8737264,257.81015,16.52216174183515,16.448289269051322
1474113878.99994,0.006540503251392907,-0.3390732964858308,8.156308860838136,14.124012104645487,0.09845095667785286,0.09873395997156066,32.70482641829362,-117.83484124008908,59.63,1.9977391,252.91411000000002,16.603810264385693,16.62130637636081
1474113879.999939,0.006548923487619995,-0.3390794098286139,8.103648203527946,14.18528623566101,0.09876956169610818,0.09870470949038748,32.70486427538925,-117.83476352397639,59.56,2.0433242,249.96794,16.603810264385693,16.605754276827373
1474113880.999938,0.006557461722088693,-0.33908414009762455,8.082499214872417,14.240459928616396,0.09889847672838446,0.09865535518754141,32.70490185199304,-117.83468527277341,59.45,2.1483312000000003,244.62141,16.708786936236393,16.634914463452567
1474113881.999937,0.006565987190435028,-0.3390889919714305,8.092482761127952,14.279094491368319,0.09893324562170272,0.09861189588139625,32.70493947247634,-117.83460694584409,59.38,1.9356927,239.05587999999997,16.662130637636082,16.62519440124417
1474113882.999936,0.006574552536068524,-0.33909365533538327,8.124786068455057,14.31815453673225,0.09893977067333358,0.09859227003242885,32.70497710558491,-117.83452835159295,59.33,1.7903625,237.42737000000002,16.66796267496112,16.685458786936238
1474113883.9999352,0.006583103914179557,-0.3390981646372864,8.183561995463275,14.314695057194118,0.09898504048215101,0.09863330326499317,32.70501468881418,-117.83444969016927,59.28,1.6574035,240.93272000000002,16.609642301710732,16.702954898911354
1474113884.9999342,0.006595701145113505,-0.3391108632779434,8.26988120101288,14.281700224750336,0.09889224859919185,0.09871289296246613,32.70506060972784,-117.834355574435,59.24,1.561895,242.15207,16.693234836702956,16.481337480559876
1474113885.9999332,0.006599993223054879,-0.33911275860314616,8.323750636811205,14.26784469402782,0.09889802772372173,0.09894845384414978,32.70509149098359,-117.83429268792148,59.21,1.6250463,250.31953,16.533825816485226,16.636858475894247
1474113886.9999323,0.006608212806716849,-0.33912079650028404,8.360746303576148,14.249469221657952,0.09847205989700084,0.09865685428375405,32.70512986124342,-117.83421483067343,59.19,1.7479246,249.95457000000002,16.50660964230171,16.51049766718507
1474113887.9999313,0.006616367848202002,-0.33912986630608855,8.376108172521992,14.19491289562979,0.09841500009478159,0.09863627248937569,32.705168508803716,-117.83413707107744,59.16,1.8207127,247.07816,16.5649300155521,16.475505443234837
1474113888.9999304,0.006624418712034069,-0.3391396314282078,8.379665911661151,14.145860034236643,0.09841111113504156,0.09862121634915309,32.705207266339286,-117.8340595645829,59.19,1.8617326,242.05337999999998,16.493001555209954,16.494945567651634
1474113889.9999294,0.006632459685015197,-0.3391493446377216,8.379544477625917,14.133411655159057,0.09841241469696559,0.09859523201480068,32.70524601380899,-117.83398197157703,59.18,1.7607788,245.10112,16.388024883359254,16.424961119751167
1474113890.9999285,0.00664042125838846,-0.33915875951096147,8.315237276661637,14.107434041392564,0.09843315581557911,0.09858963394053802,32.705284573151246,-117.83390455878191,59.14,1.6282915,250.65092,16.46189735614308,16.45217729393468
1474113891.9999275,0.0066483607958123655,-0.33916669881693334,8.195509806762031,14.09143163108529,0.09847571711239882,0.09861562551690113,32.705322629986775,-117.83382713507498,59.11,1.609127,248.2025,16.35886469673406,16.31026438569207
1474113892.9999266,0.00665633774805737,-0.33917286554080095,8.080983606875407,14.1081005381203,0.09851261515685968,0.09864827250108749,32.7053601673728,-117.83374948284347,59.09,1.8081565,254.81117000000003,16.40552099533437,16.36275272161742
1474113893.9999256,0.006664408055748235,-0.3391785205484278,8.0854877899075,14.1199334042254,0.09876804087386347,0.09890964390886701,32.7053976842739,-117.83367136350387,59.06,1.9846036,252.51581000000002,16.374416796267496,16.40940902021773
1474113894.9999247,0.006672346443721771,-0.33918463798968357,8.162175700601486,14.110733153845993,0.09877061178765809,0.0989260325790564,32.70543519596828,-117.83359360691716,59.05,2.1591659,258.6528,16.504665629860032,16.263608087091757
1474113895.9999237,0.006680111810968738,-0.33919208045034743,8.228500931296342,14.112988489782829,0.09854195254216114,0.09871626049743656,32.705472933984204,-117.83351635016956,59.06,2.3136592,260.67056,16.504665629860032,16.450233281493002
1474113896.9999228,0.006688017818468891,-0.33920091887912807,8.345135077718258,14.113233211808035,0.09879645852380742,0.09899205074849804,32.70551135413574,-117.8334384029622,59.08,2.4786894,263.30865,16.487169517884915,16.450233281493002
1474113897.9999218,0.006695642486460341,-0.3392113663845638,8.4227221564594,14.10918880955057,0.09852311607235884,0.09873934802751334,32.70554994585431,-117.8333613585973,59.09,2.6615765,266.52367999999996,16.5746500777605,16.576594090202178
1474113898.9999208,0.006703261113782692,-0.3392234565578309,8.435563573941103,14.103694614689235,0.09848970143503943,0.0987237921885532,32.70558909956013,-117.83328417202102,59.1,2.6564686,264.4046,16.545489891135304,16.4599533437014
1474113899.99992,0.006710856620235259,-0.33923581069927566,8.461083260887705,14.100977644023036,0.09842088784947181,0.09866991162902645,32.70562833128409,-117.83320693813101,59.08,2.6729724,265.7284,16.61547433903577,16.56298600311042
1474113900.999919,0.006718581265446635,-0.33924810064438105,8.45304822106013,14.119488455088662,0.09857563513387603,0.09883631130862941,32.70566774143429,-117.83312908458265,59.02,2.5244607999999995,265.57986,16.576594090202178,16.706842923794714
1474113901.999918,0.006726139477443106,-0.33925867786880964,8.346281748722724,14.114145357538346,0.09853720902515979,0.09860650782544357,32.70570637267089,-117.83305177373236,58.91,2.5016022,264.55438,16.594090202177295,16.66796267496112
1474113902.999917,0.006733859230649562,-0.33926892999397834,8.30091825725502,14.104977551366828,0.09862167983783719,0.09879879769325998,32.70574514044601,-117.83297372472913,58.82,2.3502204,270.97763,16.5649300155521,16.66601866251944
1474113903.999916,0.006741358691398999,-0.3392777050559704,8.222845442372941,14.111324565406907,0.09827438197323175,0.09851258618881692,32.705783134376524,-117.83289641997993,58.72,2.3165709999999997,272.2632,16.46772939346812,16.555209953343702
1474113904.9999151,0.006749051852511644,-0.3392853738029302,8.135693811146691,14.097288274097592,0.09853034359902654,0.09879915979379444,32.70582104918209,-117.83281827200378,58.66,2.4641254,269.7599,16.62713841368585,16.483281493001556
1474113905.9999142,0.006756509360587282,-0.33929231258306114,8.152772442178446,14.077931132694797,0.09832485154572394,0.0986044366103865,32.705858418791834,-117.83274091120381,58.63,2.3818822,270.2207,16.481337480559876,16.483281493001556
1474113906.9999132,0.006764028129012056,-0.33929979853522196,8.18089878948443,14.084138173152278,0.09839325957869298,0.09867317053383655,32.705896078517824,-117.83266317235953,58.65,2.5208857000000005,271.84027000000003,16.450233281493002,16.481337480559876
1474113907.9999123,0.006771461133146767,-0.3393085603571353,8.247821920581776,14.090481479282884,0.09844664768149286,0.09872234378641538,32.7059340685425,-117.83258559888571,58.7,2.5492792,271.00982999999997,16.395800933125972,16.267496111975117
1474113908.9999113,0.006778786831487346,-0.33931906612813423,8.434973089357557,14.071554455378935,0.09850429408657792,0.09877545669280909,32.70597251500177,-117.83250826104705,58.75,2.7236700000000003,269.8554,16.318040435458787,16.25194401244168
1474113909.9999104,0.00678595668543044,-0.339332390359502,8.581388237687701,14.02972367466145,0.09857289041182488,0.09884096792150249,32.70601170873078,-117.83243131726644,58.77,2.7935936000000003,271.82144,16.477449455676517,16.391912908242613
1474113910.9999094,0.006793011367962795,-0.3393480830622029,8.640755576256831,14.003567154262894,0.09860440764234374,0.09886992148023742,32.70605155549253,-117.83235462183654,58.75,2.887028,271.4934,16.471617418351478,16.444401244167963
1474113911.9999084,0.006800063582973759,-0.3393637884624664,8.6295474928979,14.006870901603167,0.09877440660125916,0.09903831271277988,32.706091425792486,-117.83227780094973,58.7,2.9731397999999998,269.27856,16.45412130637636,16.51632970451011
1474113912.9999075,0.00680700488278503,-0.3393793616441532,8.593661418042695,14.055515892954304,0.09836760113482157,0.09863121032390403,32.70613112192737,-117.83220127517143,58.64,2.955766,266.79587000000004,16.51827371695179,16.502721617418352
1474113913.9999065,0.006814137120686297,-0.3393934486799515,8.48559068854823,14.103972707899697,0.09824979534694234,0.09851441117551056,32.706170609588085,-117.83212391759301,58.58,2.9210762999999997,265.3841,16.533825816485226,16.553265940902023
1474113914.9999056,0.006821282509220556,-0.3394054995270796,8.326830055628372,14.120594339088928,0.09821929923993063,0.09848673221065692,32.706209460891124,-117.83204642673553,58.53,2.960493,263.238,16.5649300155521,16.609642301710732
1474113915.9999046,0.006828602718550867,-0.33941593138994036,8.287836752634954,14.135873707049,0.09849017216573422,0.09876051642475751,32.70624803819763,-117.83196816791656,58.52,2.9777572,257.55402000000004,16.549377916018663,16.496889580093313
1474113916.9999037,0.006835700825102298,-0.33942595039892454,8.297147313321174,14.138134604850046,0.09828796798528447,0.09856078901196343,32.70628619574173,-117.83189064108652,58.51,2.9550343,252.69579,16.535769828926906,16.539657853810265
1474113917.9999027,0.006842941649248575,-0.3394364713991054,8.349755132921377,14.125804878875591,0.09858625192154623,0.09886093414497228,32.70632474133949,-117.8318124121871,58.5,2.8343368,253.0403,16.549377916018663,16.493001555209954
1474113918.9999018,0.006849963340692565,-0.33944808134423154,8.41962419809487,14.09420607434832,0.09859142995918892,0.09886766921491312,32.706363371042656,-117.83173486360369,58.48,2.9400556,254.02621000000002,16.477449455676517,16.46578538102644
1474113919.9999008,0.006856795826079452,-0.3394608338011481,8.455848619689467,14.0718761165257,0.0983394007451983,0.09861695080485723,32.70640214382296,-117.8316578788789,58.45,3.0910375,257.60427999999996,16.40746500777605,16.41135303265941
1474113920.9998999,0.006863701703206101,-0.3394749263778982,8.49603030766892,14.051147048617967,0.09859592000581614,0.09887449843099293,32.70644148763359,-117.83158043420673,58.41,3.2611096,266.41992,16.479393468118197,16.393856920684293
1474113921.999899,0.006870376355383881,-0.33948872717316414,8.487693073219312,14.032390588549768,0.09838843639957405,0.09866791283407628,32.70648043945335,-117.83150375625354,58.39,3.5065494,271.367,16.382192846034215,16.41135303265941
1474113922.999898,0.00687704565476665,-0.33950343246771825,8.510165785556634,14.011542867538903,0.09846052337397314,0.09874065883144806,32.70651970877738,-117.8314269349782,58.39,3.768473,273.18225,16.337480559875583,16.323872472783826
1474113923.999897,0.006883656984365757,-0.3395181377822247,8.552452639139274,13.98752951881563,0.09853218306974157,0.09881294858214644,32.70655892234746,-117.83135019983297,58.37,3.8327272000000003,272.54303,16.333592534992224,16.378304821150856
1474113924.999896,0.006890211749604332,-0.3395339711655698,8.592679749009768,13.975376845518502,0.09855503161346561,0.0988363257926508,32.70659845704998,-117.8312735126103,58.32,3.8694879999999996,270.62082000000004,16.41718506998445,16.316096423017107
1474113925.999895,0.006896686294530879,-0.33954978347309334,8.571589159928436,13.983148623773507,0.09848419026490504,0.09876558583223988,32.70663789835758,-117.83119699828057,58.28,3.8013282,281.3364,16.51244167962675,16.4599533437014
1474113926.9998941,0.006903227938308816,-0.33956434415726233,8.49379351127945,14.019708611175396,0.09834741040902042,0.09862868286217354,32.70667704101261,-117.83112011829772,58.26,3.6302195,286.0129,16.500777604976673,16.4599533437014
1474113927.9998932,0.006909869757084402,-0.339578064765182,8.400236466438923,14.05315673555223,0.09847078530311956,0.09875212293436887,32.706716067735506,-117.83104273059962,58.25,3.5100653,288.29828,16.475505443234837,16.50660964230171
1474113928.9998922,0.006916327041021045,-0.3395905220069376,8.303013226107158,14.082212841158523,0.09817988097574996,0.09846163140160856,32.70675444508784,-117.83096596040997,58.27,3.3373525,292.39853,16.605754276827373,16.524105754276828
1474113929.9998913,0.006922964104365266,-0.33960157297664745,8.297852743098376,14.119975118206968,0.09822851107752713,0.09850995009692609,32.70679262905116,-117.83088838790957,58.32,3.341179,290.9749,16.423017107309487,16.3646967340591
1474113930.9998903,0.006929629277117777,-0.33961324576020674,8.34632995154587,14.114594941561924,0.09858836658866743,0.09886956662171366,32.70683108381071,-117.83081054388362,58.36,3.2862080000000002,292.4753,16.496889580093313,16.40940902021773
1474113931.9998894,0.006936036419880597,-0.33962616541972174,8.463285759114552,14.09490223435184,0.0984366102546778,0.09871812893619435,32.70686962157624,-117.83073353034132,58.41,3.4141998,291.44052,16.502721617418352,16.493001555209954
1474113932.9998884,0.006942458328256344,-0.3396411021174866,8.587603620941495,14.095742075847431,0.09847830251021482,0.09876061057089648,32.706908874641336,-117.83065625316641,58.45,3.7746800000000005,290.89867999999996,16.62908242612753,16.56104199066874
1474113933.9998875,0.006948807667983989,-0.3396576966005961,8.64275135853057,14.102832525736808,0.09845792349213575,0.09874057192731979,32.70694860294357,-117.83057906451802,58.44,3.9716942000000004,290.15555,16.549377916018663,16.62325038880249
1474113934.9998865,0.006955153475780825,-0.33967483843065643,8.640897403794167,14.147930901677205,0.09841751307249069,0.09869976319708684,32.70698853333499,-117.83050172658153,58.44,4.1044645,286.94717,16.51632970451011,16.5649300155521
1474113935.9998856,0.006961612817885608,-0.33969196511576494,8.591210489881169,14.178662982365207,0.09865746985466262,0.09893921303851053,32.70702864107723,-117.8304237948355,58.41,4.0278993,283.21547999999996,16.56298600311042,16.56881804043546
1474113936.9998846,0.006967828184121867,-0.3397074583784373,8.512228310200882,14.159862027383333,0.09843580639149131,0.09871770889957437,32.707067895505354,-117.83034672951203,58.42,3.5850902000000002,280.93427,16.765163297045103,16.609642301710732
1474113937.9998837,0.006974147303691581,-0.3397218738013105,8.49203967009881,14.148658578911244,0.09831770368117382,0.0986037703454031,32.70710696181661,-117.83026914303571,58.44,3.200314,273.25192000000004,16.603810264385693,16.596034214618975
1474113938.9998827,0.006984306983149853,-0.33974512039588234,8.549157234595315,14.110898155817534,0.09843187397968714,0.0987202146352728,32.707154291556144,-117.83017593677826,58.5,2.9404087000000003,270.58575,16.502721617418352,16.46384136858476
1474113939.9998817,0.006986488576456032,-0.3397534829729434,8.590570875497109,14.086107073082339,0.09806113372648115,0.09835028548726399,32.70718568334342,-117.83011461049142,58.56,2.904228,268.9033,16.489113530326595,16.580482115085537
1474113940.9998808,0.006992530352533056,-0.3397707843771342,8.610797521671278,14.061113909280875,0.09796272928523796,0.09825215624242697,32.7072254012587,-117.83003758254816,58.61,2.7251785,267.78934,16.432737169517885,16.46578538102644
1474113941.9998798,0.006998565061938567,-0.33978748593825986,8.547167941163154,14.030821215865402,0.09794555123588346,0.09823481886883732,32.707264936767096,-117.82996045377965,58.63,2.8790407000000005,272.50597999999997,16.51049766718507,16.39968895800933
1474113942.999879,0.007004514376566863,-0.3398037014852275,8.46571443981924,13.97792974119053,0.09801035998954002,0.09829959865445112,32.70730421945453,-117.82988353113606,58.61,3.1582193,279.7366,16.335536547433904,16.25388802488336
1474113943.999878,0.0070104149476729475,-0.33981817624682786,8.346540375408452,13.942627662077292,0.09810604143476413,0.09839552632803866,32.70734288448846,-117.8298067125142,58.55,3.219818,279.9926,16.333592534992224,16.335536547433904
1474113944.999877,0.0070163389968773545,-0.3398310367918691,8.253985393102951,13.938522079313525,0.0981730300336381,0.0984629277215219,32.70738107408655,-117.82972970754602,58.5,3.2027574,278.1609,16.331648522550545,16.34720062208398
1474113945.999876,0.0070222462146125155,-0.33984290340907597,8.265933204401708,13.939117198783912,0.09817743317613706,0.09846714257174295,32.70741893828378,-117.82965265557587,58.45,3.2612447999999996,277.5657,16.343312597200622,16.321928460342146
1474113946.999875,0.007028056732546877,-0.3398559294143852,8.327656919440809,13.924048254686419,0.09816468723732429,0.09845446181102638,32.707457079864156,-117.8295758000371,58.44,3.2720132,279.67337000000003,16.35886469673406,16.479393468118197
1474113947.999874,0.007033798362201969,-0.33987011516065335,8.433046830386434,13.915146491019575,0.09815554057782398,0.09844610453069118,32.70749553735108,-117.82949902939905,58.46,3.2167790000000003,277.76364,16.3646967340591,16.393856920684293
1474113948.9998732,0.007039452925186239,-0.33988627942733635,8.463615763057632,13.907926264298649,0.09820610429645513,0.09849744314446605,32.7075345565621,-117.82942238631438,58.51,3.1949816,277.18057000000005,16.36275272161742,16.393856920684293
1474113949.9998722,0.007045011152872502,-0.3399028812807346,8.455466705013768,13.921669630759613,0.09824548635058233,0.09853732489733082,32.707573614401035,-117.82934596175608,58.61,3.026615,277.4774,16.446345256609643,16.493001555209954
1474113950.9998713,0.00705066429239849,-0.3399187213450158,8.459077281862916,13.960696304938287,0.0982631423726423,0.09855540819802144,32.70761257881545,-117.8292690332791,58.72,2.9895744,277.64362,16.543545878693624,16.529937791601867
1474113951.9998703,0.007056245858292064,-0.3399351966578991,8.460908062165114,13.988510260871188,0.09833260773917195,0.0985352754083058,32.70765168178916,-117.82919221608142,58.82,2.8780522,274.2049,16.487169517884915,16.504665629860032
1474113952.9998693,0.007061907331074389,-0.33995120805485857,8.465669944905567,14.033670744295254,0.09827132584472097,0.09846430370355283,32.70769076951732,-117.82911494215227,58.93,3.1234279,274.9945,16.747667185069986,16.61741835147745
1474113953.9998684,0.00706760017602695,-0.3399671203623912,8.45777117075112,14.067140189151557,0.09812388574910201,0.09837118593011267,32.70772989569576,-117.82903739155017,59.03,3.587429,275.34033,16.71656298600311,16.576594090202178
1474113954.9998674,0.007073201974859899,-0.33998308529032933,8.410551870592275,14.084703629346881,0.09799700572182936,0.09827294081310463,32.70776894101525,-117.8289600499125,59.14,3.3410504,273.94482,16.73211508553655,16.693234836702956
1474113955.9998665,0.007078898506268321,-0.33999785798316773,8.371919161795088,14.12308790820939,0.09789639970933668,0.0981849648672537,32.7078077513532,-117.82888221631464,59.2,3.1601806,276.09317000000004,16.710730948678073,16.596034214618975
1474113956.9998655,0.007084568623628174,-0.340011998908216,8.29969186619689,14.135448224436997,0.0978688655846968,0.09816085621366977,32.707846344458254,-117.8288043568985,59.2,2.8263834,278.69824,16.537713841368586,16.61158631415241
1474113957.9998646,0.007090275009774556,-0.34002475971486207,8.22379466719798,14.155151128398131,0.09789149686810018,0.09818225635525599,32.707884560020844,-117.82872624740867,59.19,2.6926092999999995,280.66098,16.596034214618975,16.584370139968897
1474113958.9998636,0.00709601218562176,-0.34003648661442787,8.172487396845366,14.172997296690756,0.09795367677187661,0.09824123529030784,32.70792250525428,-117.82864789660204,59.18,2.96752,281.2015,16.539657853810265,16.640746500777606
1474113959.9998627,0.007101703300050074,-0.3400480169988799,8.16416870194312,14.175022742240278,0.09804609207027994,0.09832999337331319,32.707960350657444,-117.82856958254129,59.15,3.0661414000000002,284.21,16.596034214618975,16.56881804043546
1474113960.9998617,0.007107322024976225,-0.3400594693419709,8.207967455613298,14.154392860910942,0.0981469008590719,0.09842765912946609,32.70799809898759,-117.82849140720612,59.17,3.197275,287.77338,16.50855365474339,16.640746500777606
1474113961.9998608,0.007112841409886767,-0.34007229222810864,8.311079783165251,14.124425536551707,0.09824010553664035,0.09851914020849054,32.708036191649086,-117.82841342293898,59.21,3.2921078,286.95847000000003,16.5649300155521,16.40940902021773
1474113962.9998598,0.007118221045993234,-0.3400869853498637,8.438148913821017,14.086583539449595,0.09829063304521804,0.0985698849773889,32.708074737547605,-117.82833577314952,59.28,3.4376742999999994,287.5772,16.36275272161742,16.40940902021773
1474113963.9998589,0.007123543376794889,-0.34010373434212965,8.523339060936152,14.051845989553591,0.09851430254535024,0.09879486528145581,32.708113912264494,-117.82825811474927,59.37,3.7670407,286.55682,16.329704510108865,16.551321928460343
1474113964.999858,0.007128533381096617,-0.3401218900671483,8.565067874143136,14.033774565760494,0.09814883447592589,0.0984309759703617,32.708153119304264,-117.8281815908312,59.47,4.0001183,285.9044,16.4599533437014,16.46189735614308
1474113965.999857,0.007133579507982892,-0.34013985854142614,8.488165831677096,14.016219468361482,0.09804398464516942,0.09832685758268482,32.70819237137688,-117.82810468670291,59.53,4.035714,285.2334,16.40357698289269,16.46189735614308
1474113966.999856,0.007138607117446136,-0.34015650178140516,8.360840855267705,14.034111985522518,0.09796183127591251,0.09824579051503127,32.70823118917335,-117.82802775195682,59.59,4.0027432,283.873,16.448289269051322,16.335536547433904
1474113967.999855,0.007143718777215289,-0.3401706724982407,8.216572586522318,14.070630258942838,0.09792433214456446,0.0982099642881524,32.70826933663389,-117.82795041601071,59.61,3.6801589999999997,281.71768,16.421073094867808,16.335536547433904
1474113968.999854,0.00714890964636557,-0.34018198951744427,8.06066797087389,14.105249155735711,0.09794712275220299,0.09823472472269835,32.7083066816901,-117.82787271487535,59.59,3.5040788999999997,275.52792,16.34720062208398,16.395800933125972
1474113969.9998531,0.007154132250569543,-0.34019151989416885,7.97279515125518,14.137425467163371,0.09798171783726471,0.09827054370756654,32.70834351119101,-117.82779479878559,59.52,3.4516327000000007,271.98337000000004,16.331648522550545,16.30637636080871
1474113970.9998522,0.007159401420238383,-0.3401999922768228,7.967719950164273,14.15258896295242,0.09800579028079522,0.09829468132919324,32.70838008667689,-117.82771657661198,59.45,3.2957134,266.79242,16.34720062208398,16.46384136858476
1474113971.9998512,0.007164656185080979,-0.3402087277395199,7.981690426080446,14.159986242350673,0.09804554891947825,0.09833427340163044,32.70841675970972,-117.82763824160628,59.37,2.8575172,268.4495,16.389968895800934,16.391912908242613
1474113972.9998503,0.007169861543028829,-0.3402176284486418,8.000833435711186,14.18421928471021,0.09807781207709809,0.0983663265409403,32.70845344940996,-117.82755994079866,59.29,2.2773225,264.9575,16.432737169517885,16.391912908242613
1474113973.9998493,0.007175034453456429,-0.3402268893143206,8.04884159361037,14.181731277453956,0.09813488636333872,0.09842329219702058,32.7084902437711,-117.82748159574436,59.25,1.8231394,263.81482,16.421073094867808,16.481337480559876
1474113974.9998484,0.007180013365736341,-0.3402382987491833,8.133753647515043,14.141176017595116,0.09819907954608671,0.09848770988209994,32.70852750810595,-117.8274037925261,59.25,1.6084711999999999,260.08588,16.448289269051322,16.436625194401245
1474113975.9998474,0.007184942731294915,-0.3402517561064047,8.279570895442696,14.138017805701653,0.0982368900838944,0.09852646912330788,32.708565410013726,-117.82732594022525,59.33,1.5159231000000002,257.30896,16.491057542768274,16.549377916018663
1474113976.9998465,0.007189725065495964,-0.3402675563136472,8.431432962788394,14.132941677633378,0.09823910613916526,0.09853029290495172,32.70860391090958,-117.82724842573299,59.4,1.5603156,270.75097999999997,16.475505443234837,16.46578538102644
1474113977.9998455,0.007194403088818952,-0.3402859408819533,8.476786257505047,14.132622797418717,0.0982283952053561,0.09851963266521739,32.70864314970079,-117.8271710607799,59.42,1.8646616999999999,284.69504,16.51632970451011,16.537713841368586
1474113978.9998446,0.007199071440459892,-0.34030386396017265,8.44841240724175,14.161313673941939,0.09815157919797705,0.09844194037454496,32.70868225346453,-117.82709358904458,59.41,2.3839397,289.82794,16.529937791601867,16.376360808709176
1474113979.9998436,0.007203745208939765,-0.3403212903372571,8.38472906204627,14.18126593481512,0.09804102266279759,0.09833052928210417,32.708721231807004,-117.82701594937745,59.34,2.401177,289.23163,16.588258164852256,16.634914463452567
1474113980.9998426,0.00720848804926366,-0.3403359670474363,8.193488069121983,14.20875544866915,0.0979620412942225,0.09825135962125117,32.70875943078501,-117.8269379802903,59.24,2.5702949,291.50635,16.549377916018663,16.62325038880249
1474113981.9998417,0.007213329888616846,-0.3403477790770448,8.022118690039841,14.259104224423043,0.09789860852259685,0.0981890131512289,32.70879685472132,-117.82685956377222,59.14,2.3529837000000002,287.27097000000003,16.648522550544325,16.77099533437014
1474113982.9998407,0.0072182173581232445,-0.340357853152882,7.995052804843079,14.290826316940285,0.09786467970251853,0.09815509881517194,32.70883380119575,-117.8267808699498,59.05,2.033383,272.62222,16.654354587869364,16.51244167962675
1474113983.9998398,0.007223121230387638,-0.34036795519593926,8.012331662986364,14.268534365189762,0.09792784451974866,0.09821783635377143,32.708870811921756,-117.82670193822156,58.96,2.1108909,272.65134,16.526049766718508,16.4599533437014
1474113984.9998388,0.007227955548522956,-0.3403775987803236,8.073432449234033,14.215967332593761,0.09804303594176915,0.09833193423217786,32.70890760681054,-117.82662314828005,58.9,2.1351332999999997,269.59604,16.438569206842924,16.41329704510109
1474113985.9998379,0.007232518262184669,-0.34039096267083757,8.274653280504385,14.127206468656313,0.09812521103705811,0.09841321856015207,32.7089452811305,-117.82654514532163,58.85,2.3574047,275.86264,16.277216174183515,16.366640746500778
1474113986.999837,0.007236958979459593,-0.3404071759014389,8.434330694041394,14.042490006976328,0.09838931268286742,0.09867767506448515,32.70898375620966,-117.82646734564568,58.76,2.4382243,279.73467999999997,16.261664074650078,16.24805598755832
1474113987.999836,0.00724100666760795,-0.34042586918476336,8.490513865350751,13.974912429857032,0.09810499134321421,0.09839329578874642,32.70902253162976,-117.82639089784755,58.66,2.5098338,282.60992000000005,16.20528771384137,16.292768273716952
1474113988.999835,0.007245026937154285,-0.34044568461210056,8.504272990426973,13.934686246963905,0.09806831055907403,0.0983563760182535,32.70906167017684,-117.82631434009653,58.56,2.7184215,284.48685,16.290824261275272,16.224727838258165
1474113989.999834,0.007249081403626294,-0.3404659305517876,8.479539380288607,13.914166675941384,0.09830258960486571,0.0985904378037245,32.709101030114724,-117.82623744626792,58.44,2.8591907,286.3177,16.30637636080871,16.281104199066874
1474113990.999833,0.007252833386905119,-0.34048567324114104,8.418306036277285,13.88537012399819,0.09807364067894118,0.09836144542573586,32.70913983348009,-117.8261616727909,58.33,3.0510697,289.3195,16.34914463452566,16.220839813374806
1474113991.9998322,0.00725670221510712,-0.3405045029809418,8.36858204326956,13.889831666071345,0.09811844699907452,0.09840653418428605,32.709178531386186,-117.8260852828576,58.23,2.9734529999999997,288.26578,16.24611197511664,16.290824261275272
1474113992.9998312,0.007260578274149347,-0.3405228496332456,8.324719328160976,13.913266580916861,0.09815549712575984,0.09844401883161273,32.70921711250038,-117.82600871428792,58.18,2.806851,285.3759,16.286936236391913,16.475505443234837
1474113993.9998302,0.007264440252413589,-0.3405404884046767,8.294655598155448,13.925270010857709,0.09817025634354419,0.09845916187596358,32.70925547319288,-117.82593206758452,58.1,2.6462908,282.08099999999996,16.52021772939347,16.535769828926906
1474113994.9998293,0.007268316510453913,-0.34055714251796504,8.287893298254414,13.93186916274194,0.09813653754177584,0.09842558791440902,32.70929356220876,-117.82585523722366,58.05,2.2206707000000003,264.59713999999997,16.531881804043547,16.50660964230171
1474113995.9998283,0.007272176380658261,-0.3405743963579026,8.290192202127555,13.969291239096256,0.09805722304070905,0.09834634583344913,32.7093318585595,-117.82577827192318,58.02,2.0378757,251.22097999999997,16.504665629860032,16.50660964230171
1474113996.9998274,0.007276043117456575,-0.3405909460367797,8.24702657399986,14.012768331619666,0.09798783733629698,0.09827711945327222,32.7093699656099,-117.8257011389199,57.98,2.087277,257.2139,16.479393468118197,16.584370139968897
1474113997.9998264,0.007280004591561556,-0.34060702840806184,8.26395781563007,14.056129551972054,0.09796960919539258,0.09825898545850677,32.709408084622545,-117.82562345384977,57.97,2.1762905,260.98367,16.438569206842924,16.39968895800933
1474113998.9998255,0.007283920985153572,-0.3406240307392017,8.320812118554004,14.071473808347902,0.09802086090503918,0.09831041821842061,32.709446476702496,-117.825545735064,57.95,2.3108687000000003,266.78336,16.46578538102644,16.529937791601867
1474113999.9998245,0.007287748159903432,-0.34064217200032043,8.424414817133737,14.04817145126604,0.09812353089057825,0.09841354445063308,32.70948515209933,-117.82546815709708,57.94,2.5251843999999997,269.23703,16.40940902021773,16.382192846034215
1474114000.9998236,0.0072914601274781015,-0.34066311617968986,8.624714232900095,14.014907795385477,0.0982051193830014,0.0984964147789482,32.70952462199325,-117.82539074177055,57.92,2.9706273,274.80984,16.376360808709176,16.35108864696734
1474114001.9998226,0.007294928965300153,-0.34068719276501375,8.781008179043166,13.956996738261791,0.09822528838277049,0.0985180321808551,32.70956481524179,-117.82531401343792,57.9,3.3351312000000006,281.6515,16.40357698289269,16.434681181959565
1474114002.9998217,0.007298240295739776,-0.3407133884276684,8.858404300446459,13.90492007669357,0.09817423220741249,0.09846733086402087,32.70960551809953,-117.82523766112533,57.84,3.5293174,279.9298,16.36080870917574,16.504665629860032
1474114003.9998207,0.007301456994816766,-0.340741123553559,8.836688928618958,13.875000028180112,0.09806751393789823,0.09835947559882842,32.709646627872445,-117.82516144713955,57.76,3.606335,278.94097999999997,16.374416796267496,16.378304821150856
1474114004.9998198,0.007304633163870091,-0.34076752889399986,8.723600470630416,13.861645065236425,0.09796497430855157,0.09825592932999598,32.709687276380485,-117.82508529495112,57.69,3.4726892,279.37167,16.30443234836703,16.335536547433904
1474114005.9998188,0.007307826733046615,-0.34079231599224746,8.616496578530985,13.845287622597134,0.09789269904187457,0.09818367578935104,32.709727450260466,-117.82500897381374,57.62,3.5451741,279.46387000000004,16.218895800933126,16.20528771384137
1474114006.9998178,0.007311024209575349,-0.34081466318411946,8.508004074333986,13.81717517995167,0.09787536166828491,0.09816675121037068,32.709766860564734,-117.82493258723906,57.52,3.5842829,276.53125,16.207231726283048,16.25388802488336
1474114007.999817,0.0073141824895416934,-0.3408363451183852,8.457958420179494,13.78565331454596,0.09791359224271255,0.09820511214099072,32.709806030857884,-117.82485622341517,57.43,3.608414,269.91492,16.14696734059098,16.240279937791602
1474114008.999816,0.007317290047306249,-0.34085690635271915,8.451615114048888,13.756203243558181,0.09799391338326513,0.09828503497095539,32.70984479529452,-117.82477995763423,57.31,3.8029401,266.30697999999995,16.1450233281493,16.03421461897356
1474114009.999815,0.0073202593204015655,-0.3408790494527741,8.524873208480527,13.717236822908442,0.09809230334048695,0.09838284556732207,32.709883919849545,-117.82470401556532,57.22,3.4831634,262.04306,16.20139968895801,16.24611197511664
1474114010.999814,0.007323077757950691,-0.34090280767964287,8.599137073356664,13.690305349430067,0.09816300709084441,0.09845355655969024,32.709923397683006,-117.82462844882639,57.18,3.3925571000000003,260.8008,16.318040435458787,16.174183514774494
1474114011.999813,0.007325806819465709,-0.3409278382994123,8.665089659149503,13.688075041882174,0.09817579648172133,0.09846678047120849,32.709963202388586,-117.82455301177737,57.15,3.387718,260.1794,16.19945567651633,16.24611197511664
1474114012.9998121,0.007328482964504888,-0.3409535878861169,8.676332967648426,13.691244377504056,0.09817491295641727,0.09846622283638544,32.710003203243495,-117.8244775778598,57.13,3.2567152999999998,261.04007,16.25583203732504,16.319984447900467
1474114013.9998112,0.007331071515282712,-0.3409796047393272,8.660310163839053,13.708880121934099,0.09817909159658486,0.09847061149486303,32.71004320295511,-117.82440232199829,57.16,3.0822096,269.58246,16.430793157076206,16.444401244167963
1474114014.9998102,0.007333686571489532,-0.34100514071792404,8.644583992787506,13.76457199523831,0.09816745368540751,0.09845907497183531,32.71008311622385,-117.82432679424426,57.17,3.096968,274.35382000000004,16.588258164852256,16.502721617418352
1474114015.9998093,0.007336342054264753,-0.3410305307113071,8.629100689806426,13.823690903872762,0.09816168180288831,0.09845327412127337,32.710123073005875,-117.82425091378889,57.22,3.2574956000000004,269.806,16.57270606531882,16.52021772939347
1474114016.9998083,0.007338989797109173,-0.3410563999029767,8.67278357130558,13.871662909654585,0.09815211510676804,0.0984437726032493,32.71016321121276,-117.82417485116272,57.3,3.3517589999999995,265.9168,16.549377916018663,16.607698289269052
1474114017.9998074,0.007341596298840372,-0.34108291467356366,8.689500681163736,13.897220602673285,0.09813411146819499,0.09842589932086865,32.710203538455815,-117.82409874051385,57.39,3.3365097,262.6181,16.590202177293936,16.578538102643858
1474114018.9998064,0.007344235959824656,-0.3411093344611069,8.688912977512295,13.936566157066618,0.09807498045091867,0.0983668552077206,32.71024391627818,-117.82402230137427,57.46,3.1724183999999997,261.59424,16.636858475894247,16.50660964230171
1474114019.9998055,0.00734685759305297,-0.3411360482503711,8.664491758747012,13.965215319608271,0.09800053982304563,0.09829268253424306,32.710284400573215,-117.82394573174236,57.51,3.0306857000000003,264.24826,16.40746500777605,16.46384136858476
1474114020.9998045,0.007349492645607636,-0.3411616719074223,8.61912363239247,13.979027282394481,0.09795529174026027,0.09824795587622731,32.710324580890465,-117.82386897713809,57.5,3.1135015,262.3816,16.46384136858476,16.45217729393468
1474114021.9998035,0.007352126051088263,-0.34118650903760883,8.575829154410593,13.973880704046223,0.09813983989865005,0.09824874525539241,32.710364536009116,-117.82379208487288,57.49,3.1321425,257.59744,16.35108864696734,16.395800933125972
1474114022.9998026,0.007354694866232264,-0.3412112885946262,8.559984330255915,13.931515057387285,0.09826572052844762,0.0982825726873211,32.71040441684361,-117.8237152853734,57.45,2.9576162999999998,250.67858999999999,16.34914463452566,16.238335925349922
1474114023.9998016,0.007357216449463023,-0.3412361585085805,8.598362120276848,13.884174323193209,0.09823870058656667,0.09830550089316273,32.71044429661452,-117.82363849363614,57.42,2.8755607999999997,247.43923999999998,16.263608087091757,16.222783825816485
1474114024.9998007,0.0073595766635582115,-0.34126233752859275,8.646132971969772,13.818022437266206,0.09812518931102605,0.09832266445849584,32.71048441464479,-117.82356213396923,57.44,2.8655155,251.41382000000002,16.216951788491446,16.178071539657854
1474114025.9997997,0.007361777961203018,-0.34128914969550816,8.687550320781037,13.761979239539448,0.09805854108665446,0.09832031080502189,32.71052455213499,-117.82348623808412,57.51,2.7637951000000003,253.07303,16.176127527216174,16.03615863141524
1474114026.9997988,0.007363845549449275,-0.34131710143451033,8.724302192498143,13.701917594921534,0.0980477722167598,0.09833367955675393,32.71056491104455,-117.82341066422896,57.6,2.747048,261.05792,16.158631415241057,16.104199066874028
1474114027.9997978,0.007365816147826132,-0.34134534639820896,8.717893997951764,13.668323008120524,0.09808446024291068,0.09837265605828255,32.71060526514232,-117.82333530431734,57.68,2.8505194,275.8089,16.08670295489891,16.14891135303266
1474114028.9997969,0.007367692539887801,-0.34137359222417174,8.66873638811601,13.661053651599085,0.09814645185440918,0.09842724633485682,32.71064552231688,-117.82326016503754,57.77,3.0132844,281.2118,16.370528771384137,16.170295489891135
1474114029.999796,0.007369571172779128,-0.341400822603013,8.578137328057416,13.692807261346845,0.09817744766015844,0.09844857405633615,32.710685485233434,-117.82318488652902,57.86,3.167139,284.4143,16.386080870917574,16.30248833592535
1474114030.999795,0.00737150727309074,-0.3414265403024419,8.517269213129167,13.740380666860341,0.098165998041259,0.09842895544937945,32.71072506897754,-117.82310925695535,57.93,3.0920875,283.07773,16.327760497667185,16.40163297045101
1474114031.999794,0.007373478555234281,-0.3414508589045032,8.437436995202239,13.75631726177447,0.0981651434839977,0.09842333564908472,32.71076427962237,-117.82303336735288,58.02,2.6662135,279.3355,16.475505443234837,16.502721617418352
1474114032.999793,0.007375488577561217,-0.3414741708005772,8.385005301301995,13.796122596942434,0.09813462565095392,0.09839150701210622,32.71080325141901,-117.82295717627397,58.12,2.4180384,272.26837,16.541601866251945,16.533825816485226
1474114033.999792,0.007377540314590859,-0.3414964000780897,8.372813694955402,13.832835535610075,0.09807889837870146,0.09833717020590606,32.710841963936254,-117.82288067500258,58.24,2.2279932000000002,267.1374,16.56104199066874,16.62130637636081
1474114034.9997911,0.007379551951350581,-0.34151922178766286,8.35304775653323,13.869204565674114,0.09804096472671207,0.09830291549534673,32.71088085165113,-117.82280411552256,58.38,1.8985144,270.86062999999996,16.52021772939347,16.551321928460343
1474114035.9997902,0.007381547791528964,-0.34154122556086547,8.318965579636545,13.910190870009167,0.09802988445035778,0.0982967018501755,32.710919485860025,-117.82272748277884,58.53,1.7312990000000001,274.06702,16.524105754276828,16.438569206842924
1474114036.9997892,0.007383594849779444,-0.34156296884617,8.28839108510114,13.95303298303536,0.09806447953541951,0.09833663429711507,32.71095814502461,-117.82265044076618,58.67,1.4702833999999998,279.51608,16.493001555209954,16.3549766718507
1474114037.9997883,0.007385627498414826,-0.34158412692198215,8.297279871084827,13.968277125855442,0.09813123638995143,0.09840848952717211,32.71099662953961,-117.82257330270573,58.79,1.5112748,287.82547,16.40552099533437,16.395800933125972
1474114038.9997873,0.007387559444496065,-0.34160646005404616,8.40173816977541,13.977447712959066,0.098170307037619,0.09845205022146691,32.711035395122174,-117.82249633427188,58.9,1.7972561000000002,284.43842,16.448289269051322,16.493001555209954
1474114039.9997864,0.0073893796782194265,-0.34163075381543523,8.498076146720543,13.956103132078844,0.09819004875875743,0.0984759995508157,32.711074684112376,-117.82241953004183,58.97,1.9068577000000002,284.75732,16.419129082426128,16.30248833592535
1474114040.9997854,0.007391126430417877,-0.34165622785655103,8.569583180903647,13.919175134661781,0.09819261967255206,0.0984819669676235,32.71111429452419,-117.82234277086502,59.04,2.0672238000000003,292.03546,16.389968895800934,16.50855365474339
1474114041.9997845,0.007392711968522693,-0.34168336894276474,8.618010332573258,13.904688332351519,0.09811798351039042,0.09840966997491443,32.711154261402605,-117.82226641543514,59.14,2.240637,295.03094,16.384136858475895,16.388024883359254
1474114042.9997835,0.007394226442087351,-0.3417109336914314,8.539130120403474,13.926281343166417,0.0980000980603936,0.09829248699995445,32.71119430458976,-117.8221901451173,59.21,2.2260562999999998,293.07937999999996,16.30248833592535,16.40552099533437
1474114043.9997826,0.007395810415074767,-0.34173613986180496,8.39448920675607,13.962969253445117,0.09791265078132298,0.09820559735570689,32.711233710604844,-117.8221135225806,59.28,2.2214851,297.11242999999996,16.34914463452566,16.483281493001556
1474114044.9997816,0.007397436158740589,-0.34175864200367906,8.21610817086085,13.963361364871867,0.09790280888879652,0.09819684176478378,32.711272326862066,-117.82203669802715,59.33,2.27125,292.5113,16.41135303265941,16.283048211508554
1474114045.9997807,0.007399086570315257,-0.3417783569836942,8.041662153893645,13.980527131776233,0.09795710948494323,0.09825224314655524,32.71131010200861,-117.82195975633707,59.41,2.4703481,289.6045,16.288880248833593,16.281104199066874
1474114046.9997797,0.007400851846534208,-0.3417956881384691,7.925918832722571,14.0361531896873,0.09802146199192638,0.09831679842983769,32.71134729745128,-117.82188226289736,59.46,2.4476612,286.1334,16.333592534992224,16.261664074650078
1474114047.9997787,0.007402685618805436,-0.3418109637076056,7.897977880890226,14.076201392925732,0.09808036850687134,0.09837449552899757,32.711383955285854,-117.82180440387629,59.54,2.2343349999999997,278.09612999999996,16.318040435458787,16.176127527216174
1474114048.9997778,0.007404487774380313,-0.3418271336659827,8.043744145062627,14.089908607269335,0.09812314706401173,0.09841522459711295,32.71142090169562,-117.82172641908778,59.64,2.2583509999999998,266.16202000000004,16.162519440124417,16.14891135303266
1474114049.9997768,0.00740604436198046,-0.34184534013790424,8.139781781340462,14.080042787139561,0.09817381217079252,0.09846549139330585,32.71145820624076,-117.82164919474911,59.77,2.4797107999999994,270.52792,16.20139968895801,16.265552099533437
1474114050.999776,0.00740767581612602,-0.3418654263053716,8.216842336936464,14.081276594016638,0.09820084659669485,0.0984927068694754,32.71149627502484,-117.82157128589529,59.93,2.763148,279.4621,16.220839813374806,16.236391912908243
1474114051.999775,0.007409110106074757,-0.3418865278473079,8.28982882699922,14.06907664487373,0.09819148991888456,0.09848388610045611,32.71153443560346,-117.82149399025008,60.04,3.0109944,281.84354,16.376360808709176,16.24805598755832
1474114052.999774,0.007410467609679545,-0.34190879903458177,8.315630315065755,14.069862721681966,0.09815034081414922,0.09844286735191315,32.71157291061697,-117.82141674851181,60.15,3.034524,285.49985,16.36080870917574,16.421073094867808
1474114053.999773,0.007411766685739613,-0.341930854410703,8.295503782447353,14.078312120393129,0.09808605348526227,0.09837834103667348,32.71161127142796,-117.82133957951464,60.23,3.2362232000000004,289.4383,16.30248833592535,16.30443234836703
1474114054.999772,0.007412957717519155,-0.341952505484476,8.286150580802195,14.067409012588335,0.09802472813874716,0.09831695775407284,32.711649385177715,-117.82126272474812,60.27,3.44925,291.7938,16.378304821150856,16.34720062208398
1474114055.999771,0.007414248894691555,-0.34197457354095384,8.204963121962956,14.063129158079347,0.09797480171705665,0.09826655335967686,32.711687819782405,-117.82118516949637,60.31,3.5641334000000002,291.96547999999996,16.504665629860032,16.393856920684293
1474114056.9997702,0.007415526207030139,-0.3419944480024247,8.11352422040877,14.114682077434535,0.09790243230424069,0.09819414049479676,32.71172555502085,-117.82110763280434,60.25,3.5888712,292.62487999999996,16.46578538102644,16.378304821150856
1474114057.9997692,0.007416829427013909,-0.34201295606492493,7.946427280016673,14.137145519998175,0.09788999777188755,0.09818219117715979,32.711762919737275,-117.82102987044846,60.19,3.522279,295.14014,16.321928460342146,16.555209953343702
1474114058.9997683,0.00741826281188515,-0.34202750449631864,7.743788173372972,14.190884251987583,0.09792281856433044,0.09821632277353741,32.711799212266754,-117.82095160392561,60.14,3.3512142,295.60654,16.436625194401245,16.483281493001556
1474114059.9997673,0.007419733295384316,-0.34204021020176206,7.6829158870465655,14.251513206754836,0.09797738711487265,0.09827067406375894,32.711834994627615,-117.8208730989574,60.09,3.3663871,295.46173,16.424961119751167,16.442457231726284
1474114060.9997663,0.0074245171320509095,-0.3420598951488875,7.6878752159664465,14.274105499172656,0.09813684894823546,0.09842881785117635,32.711877869453176,-117.82077854183086,59.99,3.3360777,292.95566,16.483281493001556,16.438569206842924
1474114061.9997654,0.007422647678358418,-0.34206504352706507,7.763670910943538,14.273725438451693,0.09823752738083504,0.098528446192226,32.711906457294134,-117.82071562296892,59.96,3.4334362,291.551,16.481337480559876,16.45412130637636
1474114062.9997644,0.0074239726900629036,-0.342079803553369,7.948404522743048,14.268424981860315,0.09831773989122726,0.09860844868430825,32.711942831412415,-117.82063699149825,59.95,3.53959,289.9256,16.261664074650078,16.380248833592535
1474114063.9997635,0.007425106839642639,-0.3420977890915844,8.078489110777575,14.246653064413353,0.09834100122956059,0.09863270942011666,32.71198003241412,-117.82055877193767,59.99,3.8366601,287.0335,16.34720062208398,16.36080870917574
1474114064.9997625,0.007426099087863402,-0.34211771534816937,8.19738693593264,14.23409993689316,0.09828657751923216,0.09857959651372296,32.71201770867781,-117.82048083825859,60.08,3.9346364,287.76633,16.489113530326595,16.273328149300156
1474114065.9997616,0.007426978680751434,-0.3421400803716929,8.302315212148901,14.221741474620291,0.09817846154165491,0.09847255959573838,32.7120560657677,-117.82040301288575,60.16,3.6915271,286.39893,16.318040435458787,16.275272161741835
1474114066.9997606,0.007427760379502634,-0.3421628475111511,8.305601346919177,14.19407676204367,0.09808303356680492,0.09837661743812948,32.71209445614872,-117.820325390491,60.24,3.7351644,283.68744,16.368584758942458,16.34720062208398
1474114067.9997597,0.00742850926069749,-0.34218507133993165,8.227976262105939,14.189482662206862,0.09799064723644435,0.09828263062340661,32.71213266318244,-117.82024774526505,60.28,3.6406699999999996,279.23584,16.378304821150856,16.40163297045101
1474114068.9997587,0.0074293181435041555,-0.34220493618263187,8.111274446336145,14.200782516325244,0.0978983116001586,0.09818912178138924,32.71217022466392,-117.8201697937248,60.28,3.7886572,276.42285,16.40357698289269,16.277216174183515
1474114069.9997578,0.007430111016632151,-0.3422236753593826,7.9809330855706255,14.196486903200995,0.09783443706588094,0.09812479100043815,32.71220743621811,-117.82009179010049,60.27,3.4000220000000003,277.69818,16.24805598755832,16.277216174183515
1474114070.9997568,0.007430932972429186,-0.3422394884269345,7.830014681185757,14.195504307190701,0.09781524573755487,0.09810575899634726,32.71224377187782,-117.82001367438008,60.21,3.2894616,278.61093,16.290824261275272,16.25
1474114071.9997559,0.007431807225197901,-0.3422531056002154,7.756575826167319,14.201003136938876,0.09784498143344422,0.09813529191593731,32.712279505229915,-117.8199352788561,60.11,3.273428,277.63272,16.19167962674961,16.166407465007776
1474114072.999755,0.007432640406082823,-0.34226684339595476,7.750971320999169,14.190699783491311,0.0980938603727851,0.09821444709276894,32.7123152623407,-117.8198568473507,60.01,3.3013394,272.03595,16.333592534992224,16.236391912908243
1474114073.999754,0.007433409448743808,-0.3422803808601478,7.7480837864972205,14.19896934859304,0.09815961782984192,0.09830896981628279,32.71235090455293,-117.8197785151799,59.89,3.5362267,273.27008,16.275272161741835,16.19362363919129
1474114074.999753,0.007434097042084406,-0.34229460610837886,7.771554389971412,14.203747916926122,0.09818274156997216,0.09840853297923624,32.7123866985337,-117.81970028827482,59.78,3.632832,277.36505,16.236391912908243,16.281104199066874
1474114075.999752,0.0074347102050681775,-0.34231042702285386,7.854278313798445,14.213259631701243,0.09823772291512364,0.09850360609556247,32.71242295264989,-117.81962205460852,59.67,3.9176955,280.4694,16.419129082426128,16.36275272161742
1474114076.999751,0.007435379365702664,-0.34232714642578504,7.943625954409966,14.262498815545399,0.09853221203778433,0.0988157005462083,32.712459627016045,-117.8195432556397,59.54,4.161907,280.8996,16.265552099533437,16.337480559875583
1474114077.9997501,0.007435776767966371,-0.342345051000938,8.004547834025573,14.279186262127771,0.09831325708661072,0.09860124288367261,32.712496340904465,-117.81946541470123,59.41,3.8868454,280.87,16.434681181959565,16.40746500777605
1474114078.9997492,0.007436145401832291,-0.3423650334435674,8.096952645997423,14.274904553664047,0.09834244238968771,0.09862866837815215,32.71253373965093,-117.81938730348367,59.3,3.687755,284.42197000000004,16.376360808709176,16.419129082426128
1474114079.9997482,0.007436423338025457,-0.34238641668630626,8.196213382584496,14.272770651762446,0.09830250270073744,0.09858486869750462,32.71257151116745,-117.81930927197797,59.23,3.6420486000000003,287.1568,16.5746500777605,16.419129082426128
1474114080.9997473,0.007436550795907654,-0.3424082085116225,8.18243108307407,14.269728312040007,0.09821419362239482,0.09849158435781859,32.712609242733265,-117.8192316912627,59.17,4.13825,287.71432000000004,16.547433903576984,16.51827371695179
1474114081.9997463,0.007436813410021881,-0.3424305682719092,8.169692560080236,14.274468874300991,0.09807430694392459,0.0983480187379183,32.712647401727295,-117.81915318701584,59.12,4.481571700000001,289.30515,16.504665629860032,16.51827371695179
1474114082.9997454,0.00743691157967529,-0.34245203855510853,8.134704726294819,14.293305981400225,0.09816815616044434,0.098200144121658,32.712685074256726,-117.8190753152698,59.12,4.418735,288.47076,16.446345256609643,16.535769828926906
1474114083.9997444,0.007437206277591032,-0.3424729215619083,8.084845394591337,14.316078107427476,0.09832186783732004,0.09811032870509206,32.712722884687246,-117.81899632648845,59.12,4.139469,286.77625,16.481337480559876,16.539657853810265
1474114084.9997435,0.0074373498581092505,-0.34249247155006657,8.04111338329167,14.301178800188366,0.09843884079397003,0.09811464494346275,32.712760082528845,-117.81891794861218,59.08,3.8512513999999998,288.94565,16.438569206842924,16.45217729393468
1474114085.9997425,0.007437603601618734,-0.34251235627227056,8.025029398975995,14.260835818146845,0.09855986203459523,0.09819496608401532,32.712797596180685,-117.81883877973348,59.03,3.8507910000000005,288.9688,16.337480559875583,16.395800933125972
1474114086.9997416,0.007437668413239161,-0.34253133184912915,8.02200559880092,14.216671835393596,0.09864711377937724,0.09827445439333865,32.71283458144428,-117.81876036705904,58.97,3.8353707999999997,286.41083,16.41718506998445,16.34720062208398
1474114087.9997406,0.007437612762929087,-0.3425516158706449,8.057277087661008,14.172932408274983,0.09859305941159396,0.09831696499608353,32.71287186650866,-117.81868217979013,58.88,3.9806857000000004,286.71426,16.40357698289269,16.450233281493002
1474114088.9997396,0.007437372187984097,-0.34257190967920537,8.113361999369335,14.124857508005288,0.09860428452816203,0.09833856067195837,32.712908930526226,-117.81860464904219,58.8,4.083789,284.52994,16.436625194401245,16.421073094867808
1474114089.9997387,0.007437165276600018,-0.34259391610427825,8.134099410073382,14.089063203909536,0.0986987275895583,0.0983678401211743,32.71294665206106,-117.81852656246019,58.67,3.8437047,285.80222000000003,16.209175738724728,16.424961119751167
1474114090.9997377,0.007436755546003862,-0.34261681819498674,8.165067869990276,14.030963043402737,0.09881990815441864,0.09844173759824566,32.712984417411846,-117.81844913563236,58.59,3.6859660000000005,285.2033,16.25,16.395800933125972
1474114091.9997368,0.00743630432853369,-0.3426398713930031,8.210934710168914,13.989216617625758,0.09894373205318051,0.0985289096809101,32.71302221758252,-117.81837165973855,58.5,3.8230565000000003,288.2689,16.290824261275272,16.263608087091757
1474114092.9997358,0.007435655208591788,-0.34266436703411524,8.275318850254754,13.95096582350427,0.0990113072549203,0.09856650295839711,32.71306024817511,-117.81829476937207,58.44,3.8606515,289.43887,16.288880248833593,16.319984447900467
1474114093.9997349,0.007434882324373144,-0.3426905037620505,8.399741460524304,13.95375973329203,0.09866936847822477,0.09851375215253787,32.713098682813545,-117.81821808592377,58.41,3.6317519999999996,295.0422,16.230559875583204,16.216951788491446
1474114094.999734,0.007433962802540218,-0.3427179037151959,8.45614061756045,13.964868630072564,0.09839954564397109,0.09842841229857777,32.71313736376855,-117.81814175595866,58.34,3.8725586000000005,299.16333,16.331648522550545,16.34914463452566
1474114095.999733,0.007433180630747184,-0.34274572371550965,8.4102654345855,13.971731043529363,0.09828140672360015,0.09837654501802258,32.71317643022197,-117.81806447688768,58.26,3.9184867999999997,300.01562,16.318040435458787,16.376360808709176
1474114096.999732,0.0074323484520803194,-0.3427716452702169,8.350860089944273,14.014707568273945,0.0982065170910644,0.09831131622774605,32.713214845783305,-117.81798738524134,58.16,4.1164190000000005,301.7992,16.1450233281493,16.318040435458787
1474114097.999731,0.007431573931781107,-0.34279602834156814,8.21585510603933,14.060008025280611,0.09815756834081692,0.09825163481765736,32.71325288686294,-117.8179099219401,58.02,4.106069000000001,297.80927,16.374416796267496,16.475505443234837
1474114098.99973,0.007430834915360389,-0.34281823638663395,8.068616801806224,14.098415478577326,0.09813686343225685,0.09822032036343778,32.71329031195957,-117.8178322584655,57.94,4.089405,300.29587000000004,16.391912908242613,16.450233281493002
1474114099.9997292,0.007430165628963625,-0.3428389154100157,8.062334676181917,14.135187743796532,0.09812944761331123,0.09821010912836618,32.71332738400935,-117.81775416391326,57.9,3.5112221,300.913,16.46578538102644,16.382192846034215
1474114100.9997282,0.007429392476786293,-0.34285929894909944,8.098386679986032,14.15185757780891,0.09817997512188893,0.09826842179843465,32.71336425355838,-117.81767636744144,57.92,3.3246559999999996,302.94357,16.380248833592535,16.31220839813375
1474114101.9997272,0.00742866396153598,-0.3428818449726214,8.189478892004509,14.146032452027127,0.09826799451980399,0.0983739451361852,32.713401947421026,-117.81759789125354,57.95,3.2046525000000003,303.83652,16.40746500777605,16.380248833592535
1474114102.9997263,0.007427675197379484,-0.3429060389916343,8.388154243421777,14.133464492869045,0.09832656790225726,0.09845753242355855,32.713439847751964,-117.81752028491064,57.96,3.2938031999999997,304.91497999999996,16.40357698289269,16.423017107309487
1474114103.9997253,0.007426632867522562,-0.3429343657000981,8.553082056772283,14.105489242874075,0.09835671639275588,0.09851658377871729,32.71347907601136,-117.81744227533159,57.95,3.4897058,311.5815,16.30054432348367,16.380248833592535
1474114104.9997244,0.0074253728902551365,-0.3429645553470056,8.606577920691223,14.098404354848906,0.09834524504782438,0.09853286381874633,32.713518643998924,-117.81736490009098,57.97,3.291095,313.2253,16.374416796267496,16.393856920684293
1474114105.9997234,0.007423986215048499,-0.3429965383508644,8.654579589748828,14.085211612944656,0.09829134276226557,0.09850426511853516,32.71355866284158,-117.81728771596698,58.0,3.8675601000000004,310.93912,16.51827371695179,16.504665629860032
1474114106.9997225,0.007422501078096993,-0.34302920009817384,8.681660306583483,14.059392512308124,0.09821650382380463,0.09845100737192769,32.71359880761621,-117.81721069695993,58.02,3.888114,307.16992,16.41524105754277,16.535769828926906
1474114107.9997215,0.007420958742580713,-0.3430618608329142,8.64609774682978,14.031175321220054,0.09814839995528454,0.09839984980842004,32.71363891571786,-117.8171337085455,58.04,4.058441,304.52155,16.444401244167963,16.434681181959565
1474114108.9997206,0.007419447605292967,-0.3430931275040487,8.578634187926772,14.015970111449437,0.09806433469520573,0.09832871153742122,32.71367865968733,-117.8170564566395,58.07,3.8623252,305.7741,16.31220839813375,16.319984447900467
1474114109.9997196,0.0074178410676807765,-0.34312400940186866,8.534340428341974,13.993337032027416,0.09796199060014767,0.09823583999234448,32.71371818444956,-117.81697946656729,58.05,3.8078163000000003,306.76917000000003,16.30248833592535,16.40552099533437
1474114110.9997187,0.0074162362162285955,-0.3431539120959054,8.467254149227825,13.972584789685477,0.09788269782511295,0.09816305054290855,32.71375743816672,-117.81690231767584,58.0,3.6367927000000004,303.88385,16.275272161741835,16.292768273716952
1474114111.9997177,0.007414617590457594,-0.3431818812137356,8.36492140964253,13.932416079389178,0.09786474488061472,0.09814929796460999,32.71379608403459,-117.81682518982186,57.93,3.3557713,300.33,16.24805598755832,16.335536547433904
1474114112.9997168,0.007412865116021586,-0.3432084285785759,8.269397318826679,13.897252119903802,0.09788655057479954,0.09817347179629013,32.71383411241919,-117.81674863280583,57.85,3.4279222000000003,298.80237,16.263608087091757,16.277216174183515
1474114113.9997158,0.0074112666362832445,-0.3432337574097037,8.14522684640128,13.876427573327144,0.09795214146561053,0.09824041694309997,32.71387201726874,-117.81667118221176,57.79,3.6387480000000005,297.53165,16.345256609642302,16.20334370139969
1474114114.9997149,0.007409525235326504,-0.3432577689228562,8.159721991507855,13.855311028879502,0.0980311300761963,0.09831830476806101,32.713909325576374,-117.81659434065998,57.75,3.5726411,295.4799,16.263608087091757,16.15085536547434
1474114115.999714,0.0074076563669180995,-0.34328326351026617,8.268984813897829,13.825822951819626,0.098251410315326,0.09841310992999174,32.71394698192128,-117.81651772773466,57.75,3.7154686000000003,293.41907000000003,16.164463452566096,16.125583203732504
1474114116.999713,0.0074055836884455994,-0.3433112175905141,8.378573932321409,13.782562772000375,0.09849829045971668,0.0985352754083058,32.713985194178974,-117.81644162039137,57.78,3.9655814,291.11533,16.232503888024883,16.180015552099533
1474114117.999712,0.007403399438590213,-0.34334122510340276,8.54211220659698,13.767263937515569,0.0985323568779981,0.09860256817162871,32.714023965831835,-117.8163655957913,57.81,4.1389737,292.01498,16.273328149300156,16.321928460342146
1474114118.999711,0.00740092945159583,-0.3433746596502226,8.70011920691649,13.771961858817615,0.0983864086365811,0.09858116078803181,32.7140634897933,-117.81629038118999,57.86,4.5022902,291.1022,16.34720062208398,16.30248833592535
1474114119.99971,0.007398512567429621,-0.3434103015959065,8.702776851031125,13.809563768781363,0.09826763241926953,0.09852423134200496,32.71410386937707,-117.81621439150507,57.87,4.534787000000001,290.8994,16.25583203732504,16.436625194401245
1474114120.9997091,0.007396026477602473,-0.34344515850572244,8.635339247494427,13.877968209713096,0.0981638181960416,0.09844417815584788,32.714143937064655,-117.81613857960122,57.9,4.342547,291.6594,16.660186625194402,16.50660964230171
1474114121.9997082,0.007393561068185071,-0.3434784519368873,8.495204370833854,13.957846776508433,0.09811811386658283,0.0984016603110923,32.71418357063628,-117.81606257733205,57.96,4.3796377,295.48425,16.648522550544325,16.549377916018663
1474114122.9997072,0.007391413007840135,-0.3435086220177876,8.343328398827632,14.073555799516884,0.0980819255391695,0.0983598232153415,32.714222699797766,-117.8159850484692,58.03,3.9444480000000004,298.2893,16.646578538102645,16.61936236391913
1474114123.9997063,0.007389331346436695,-0.34353668107719604,8.298880760999714,14.174843835608215,0.09803501179392565,0.09830449425367695,32.7142612837544,-117.81590715652004,58.13,3.5050385000000004,300.24228,16.590202177293936,16.494945567651634
1474114124.9997053,0.007387215212946614,-0.3435643752447793,8.321290438875996,14.227637977659425,0.09800867984306015,0.09827104340630409,32.714299747190985,-117.81582921739312,58.2,3.4334697999999997,299.2581,16.592146189735615,16.450233281493002
1474114125.9997044,0.007385223703981211,-0.343593003282525,8.365700997609189,14.257393024201342,0.09801129420891891,0.09826938498585629,32.71433875662477,-117.81575026303787,58.28,3.441433,295.5417,16.533825816485226,16.526049766718508
1474114126.9997034,0.007383142868683021,-0.3436214357088831,8.42879015031165,14.251303709869623,0.09803711921903617,0.09829425405056258,32.71437761981466,-117.81567151906137,58.33,3.366973,290.8913,16.473561430793158,16.51049766718507
1474114127.9997025,0.007380773062611,-0.3436519698396845,8.549877496010408,14.195527481624907,0.0980683974632023,0.09832738624946512,32.71441679444039,-117.81559374526032,58.36,3.2961053999999996,289.87487999999996,16.444401244167963,16.393856920684293
1474114128.9997015,0.0073783908030765,-0.3436842509607737,8.599253872505058,14.130036530561433,0.0980903407555902,0.0983529288211655,32.71445657832858,-117.81551555786257,58.38,3.0990195,298.62576,16.580482115085537,16.494945567651634
1474114129.9997005,0.0073758081237754215,-0.3437172720581648,8.618566518994179,14.06507117566573,0.09807684164766577,0.09834386182378277,32.71449635740837,-117.81543804396455,58.38,2.9437509,299.65775,16.40357698289269,16.436625194401245
1474114130.9996996,0.0073730552947703625,-0.3437511089699231,8.648400358612394,13.97543987997954,0.09804639623472888,0.09831817441186862,32.71453620189143,-117.81536103996194,58.4,2.6415662999999996,298.24422999999996,16.333592534992224,16.263608087091757
1474114131.9996986,0.007370070480341707,-0.34378574614173285,8.655461145225988,13.888392070218528,0.09802196169066393,0.0982982226724202,32.71457601335462,-117.81528487012201,58.45,2.423447,297.88333,16.36275272161742,16.25194401244168
1474114132.9996977,0.007366978585345856,-0.3438210603819344,8.634013669857898,13.797853263688866,0.09801790616467804,0.09829812852628124,32.71461593889509,-117.81520890283156,58.5,2.4752057,299.41922,16.14696734059098,16.220839813374806
1474114133.9996967,0.00736391039933404,-0.3438552954280099,8.535076448372326,13.741851779943678,0.09802653139940873,0.09831018647407856,32.71465559632753,-117.81513267029098,58.57,2.7364438,292.59195,16.333592534992224,16.20528771384137
1474114134.9996958,0.007360675305997975,-0.3438874996610536,8.398452961982501,13.732323379575929,0.09802996411247536,0.09831711707830801,32.714694384282254,-117.81505728403874,58.62,2.7637652999999998,283.5885,16.288880248833593,16.267496111975117
1474114135.9996948,0.007357592530175119,-0.34391814501344203,8.253217855842081,13.751765802896598,0.09803632983987105,0.09832664756437483,32.71473294000018,-117.8149810234944,58.65,2.6261935000000003,276.0048,16.25777604976672,16.335536547433904
1474114136.9996939,0.007354416086128812,-0.3439454998690495,8.104150625261513,13.790120418483326,0.09806056160763671,0.09835326195365719,32.71477032083992,-117.81490538936862,58.7,2.6292129,268.49213,16.333592534992224,16.391912908242613
1474114137.999693,0.007351427277476067,-0.3439713749307301,8.027344061464396,13.882577141187797,0.09809958156122947,0.09839288299413715,32.71480754951759,-117.81482868706979,58.75,2.5265791,264.10138,16.389968895800934,16.493001555209954
1474114138.999692,0.007348480862704918,-0.34399595151332907,8.005408996000632,13.950059239638168,0.09818979528838331,0.09848235079419002,32.714844466793316,-117.81475165370358,58.83,2.4532689999999997,263.06546000000003,16.52021772939347,16.46578538102644
1474114139.999691,0.007345498405632237,-0.34402164517732453,8.106211295951026,14.00533211917195,0.09828034214802886,0.09857144925169775,32.71488175164102,-117.81467439777254,58.93,2.6434658,264.3823,16.51632970451011,16.493001555209954
1474114140.99969,0.007342529787551961,-0.34404945880816745,8.245878049040657,14.076008581633147,0.09831596559860845,0.09860648609941151,32.714919811219154,-117.81459652554969,59.05,2.648952,271.15417,16.62908242612753,16.491057542768274
1474114141.999689,0.007339369466677323,-0.3440790908105317,8.354363137418709,14.135717047873776,0.09829620939344863,0.0985869254285403,32.714958234570354,-117.81451915576281,59.18,2.9715195,279.05606,16.61741835147745,16.592146189735615
1474114142.9996881,0.0073361439999968135,-0.3441112127801346,8.474279710701428,14.188322086541872,0.09819454604739536,0.0984858052332887,32.71499743565095,-117.81444153140862,59.27,3.1307247000000005,282.07422,16.701010886469675,16.62130637636081
1474114143.9996872,0.0073329150175272815,-0.34414522047405594,8.478009867631073,14.231524793764295,0.09806390741657507,0.0983545220635171,32.71503730898661,-117.81436339772853,59.32,3.2367127,284.57675,16.660186625194402,16.695178849144636
1474114144.9996862,0.007329540448414642,-0.3441781302126875,8.377770242943178,14.259410126954549,0.09802578547230777,0.09822790999063993,32.71507665307233,-117.814285891672,59.33,3.4997089999999997,286.30505,16.693234836702956,16.809875583203734
1474114145.9996853,0.00732638902660388,-0.344209328737117,8.254654670762793,14.301118546659431,0.09830460288383727,0.09819463295152363,32.71511582651566,-117.8142071328486,59.34,3.5174186,289.84783999999996,16.753499222395025,16.714618973561432
1474114146.9996843,0.00732316702081963,-0.3442371777258312,8.121854966016803,14.304251730163955,0.09846182693589717,0.09822311577956377,32.71515384093446,-117.81412890002403,59.34,3.4725254,288.35266,16.813763608087093,16.57076205287714
1474114147.9996834,0.007320049907392081,-0.3442633821563097,8.040936330614343,14.260553090049543,0.09858837383067813,0.09832923296219083,32.71519152724902,-117.81405003695369,59.4,3.3030498,282.6751,16.496889580093313,16.366640746500778
1474114148.9996824,0.00731694475395798,-0.34428904452376075,8.081313610818487,14.22491266419691,0.09869106554224925,0.09843245334054226,32.71522910852849,-117.81397089396427,59.5,3.0811057,281.7131,16.419129082426128,16.46772939346812
1474114149.9996815,0.00731353456919761,-0.34431539629730656,8.200620232992929,14.175311959179156,0.09873704506811422,0.09848336467568648,32.715266507682,-117.8138930080811,59.61,2.9959757000000002,284.3724,16.40163297045101,16.40940902021773
1474114150.9996805,0.007310006926959779,-0.3443443317904336,8.336009912505677,14.132153746870406,0.09874319353518925,0.09849073704256797,32.71530463742388,-117.81381512126146,59.76,3.0251794,285.77704,16.318040435458787,16.333592534992224
1474114151.9996796,0.007306311315541205,-0.3443752884940924,8.342362488409965,14.105463287507765,0.09875447658784282,0.09849532847734485,32.715343234586584,-117.81373757759746,59.86,3.2973312999999993,285.5452,16.376360808709176,16.40746500777605
1474114152.9996786,0.007302573250295835,-0.34440548716059716,8.21900034024964,14.104016275836003,0.09877349410791235,0.09849984025000415,32.71538157202985,-117.81366007526924,59.93,3.457872,286.1672,16.40357698289269,16.277216174183515
1474114153.9996777,0.007298934924417738,-0.3444338997315719,8.14065406704394,14.13019226275929,0.09861120789038079,0.09846594763997925,32.715419527761696,-117.81358198616493,60.01,3.2457306,284.1812,16.40163297045101,16.335536547433904
1474114154.9996767,0.007295220239642717,-0.34446016755099634,8.029416782859697,14.172780383986597,0.09837300367479562,0.09843781242845219,32.71545671307406,-117.81350431372391,60.1,3.1151404,283.78845,16.318040435458787,16.292768273716952
1474114155.9996758,0.007291632349687091,-0.34448498348055023,7.947060405559155,14.191997551806793,0.09832568437695319,0.09847142984207088,32.71549366925268,-117.81342586359858,60.18,3.0470657,278.93805,16.481337480559876,16.436625194401245
1474114156.9996748,0.007287875819500883,-0.3445095175205589,8.030333563476848,14.196245889085263,0.09833026132770868,0.09849017216573422,32.715530329704926,-117.81334807915133,60.27,3.2019567,280.71603,16.477449455676517,16.421073094867808
1474114157.9996738,0.007284133295472141,-0.3445361379678141,8.152464685692202,14.189156366173254,0.09832406216655883,0.09847197299287257,32.71556775954965,-117.81326963675349,60.35,3.344265,282.44757000000004,16.428849144634526,16.393856920684293
1474114158.999673,0.007280190862682763,-0.34456401481897003,8.193060732555242,14.16306009930363,0.0982816384679422,0.09841310992999174,32.715605354878896,-117.81319181503969,60.42,3.2454157,286.4648,16.374416796267496,16.273328149300156
1474114159.999672,0.0072761542703456954,-0.34459264247388344,8.184815268865085,14.172657095996627,0.09817548507526169,0.09829670909218619,32.71564311108044,-117.81311410769109,60.47,2.9927042,288.46286000000003,16.41524105754277,16.491057542768274
1474114160.999671,0.007272038992749243,-0.34462055778851663,8.062869542123371,14.210660387160805,0.09807373482508015,0.09819455328940604,32.71568056732967,-117.81303663711685,60.49,3.120735,291.80283,16.547433903576984,16.323872472783826
1474114161.99967,0.007268051885914318,-0.3446459086991834,7.838374163092203,14.25041844648299,0.09806694906106449,0.09819822498882541,32.71571742953494,-117.81295853296928,60.49,3.30025,288.6779,16.40940902021773,16.426905132192847
1474114162.999669,0.007264322871457961,-0.344667346691433,7.695686390759601,14.313210966427627,0.09831245322342423,0.09832228787394001,32.71575345221713,-117.81287927338377,60.44,3.0627744,283.38492,16.477449455676517,16.4696734059098
1474114163.9996681,0.007260465995767837,-0.34468717471772026,7.682584029148749,14.355266075668217,0.0986983292789704,0.09849895672470008,32.71578880172441,-117.81280065508713,60.37,3.4000778,284.9231,16.41718506998445,16.339424572317263
1474114164.9996672,0.007256596385735269,-0.3447081282528449,7.774026638612407,14.361727107924585,0.09892551115428679,0.09863615661720466,32.71582456310979,-117.81272164915183,60.28,3.8673356,281.41885,16.46189735614308,16.46578538102644
1474114165.9996662,0.007252578174331086,-0.3447312739395555,7.923928612313041,14.351733364918,0.09899793126117758,0.09868560506618969,32.715860879749606,-117.81264284813994,60.21,3.938043,280.1843,16.605754276827373,16.56298600311042
1474114166.9996653,0.0072484451674676344,-0.3447575478942887,8.043952714970471,14.344074677901913,0.09894359445497741,0.09863877822507411,32.715898114820426,-117.81256392382477,60.14,4.055696,278.25015,16.590202177293936,16.632970451010888
1474114167.9996643,0.007244085082088274,-0.3447849285062237,8.054621297501109,14.347769609691568,0.09874147717865593,0.09853089399183891,32.71593542336035,-117.81248579432935,60.1,3.8744242,283.03842000000003,16.592146189735615,16.68157076205288
1474114168.9996634,0.007239748968735764,-0.3448119106193448,7.966783703022389,14.361745647471949,0.09868820494802708,0.0984501310886343,32.71597269626095,-117.81240728635208,60.09,3.8687427000000003,292.17523,16.61936236391913,16.636858475894247
1474114169.9996624,0.007235461831691964,-0.34483653480061816,7.845262531915312,14.380484494970153,0.09871677468019549,0.09840951065067927,32.716009322466626,-117.81232855161676,60.11,3.6199297999999995,294.09134,16.56687402799378,16.62713841368585
1474114170.9996614,0.007231231207007557,-0.3448605143861767,7.769047379679109,14.397075535906234,0.09876911993345615,0.09840944547258307,32.716045882685606,-117.81224929203881,60.13,3.2749996,286.1297,16.609642301710732,16.541601866251945
1474114171.9996605,0.0072269320113852375,-0.3448829385604943,7.769089557149362,14.411008932727679,0.09882247182620259,0.09845525843220218,32.71608187959324,-117.81217034502299,60.17,3.3979678,283.88903999999997,16.553265940902023,16.50855365474339
1474114172.9996595,0.007222608600450895,-0.34490625310202466,7.814577727073089,14.403476314633668,0.09886736505046417,0.09851825668318646,32.716118194622304,-117.81209109275224,60.22,3.616142,282.487,16.5649300155521,16.438569206842924
1474114173.9996586,0.007218204295620522,-0.34492998605832703,7.9232797281553,14.397129300593589,0.09887331074123991,0.098522739487803,32.716154582715994,-117.8120119232164,60.24,3.4391617999999995,283.4703,16.502721617418352,16.533825816485226
1474114174.9996576,0.007213589504671568,-0.3449567674303556,8.019307167682085,14.36241029024495,0.09860502321325232,0.09845021799276257,32.71619171488088,-117.81193316237477,60.19,3.7011906999999997,284.69952,16.62130637636081,16.535769828926906
1474114175.9996567,0.007208918315029453,-0.3449841514053385,8.007135954837592,14.346049139696184,0.09835151662908112,0.09837920283594548,32.716229019857686,-117.81185431453946,60.1,4.0129410000000005,287.50504,16.551321928460343,16.580482115085537
1474114176.9996557,0.007204259971526882,-0.3450111172276941,7.934776101475741,14.347354323830613,0.09823267523367335,0.09832874774747466,32.716266267238524,-117.81177514430846,60.01,4.0045266,289.74292,16.450233281493002,16.366640746500778
1474114177.9996548,0.007199508745925523,-0.34503565410142045,7.8282840144393235,14.354976858729339,0.09821054364900753,0.0983196372980278,32.71630262253863,-117.81169656594955,59.87,4.065914,295.87997,16.40746500777605,16.41329704510109
1474114178.9996538,0.007194880997357226,-0.34505962283851366,7.821685789532462,14.334105036306902,0.09825113511891981,0.09835224807216073,32.71633904445387,-117.8116170617676,59.74,4.0136676,296.92035,16.393856920684293,16.316096423017107
1474114179.9996529,0.007189976537863756,-0.34508489232970985,7.9073876281548445,14.276544376628395,0.09830703619942881,0.09839850279443187,32.716375525307924,-117.8115386136154,59.61,4.015982,298.39792,16.434681181959565,16.46772939346812
1474114180.999652,0.007185102367040616,-0.34511095603558894,7.95882282138427,14.228984875775422,0.09832705311697341,0.09841657161110112,32.71641237989048,-117.81145955107965,59.53,4.312149,297.56424,16.290824261275272,16.35108864696734
1474114181.999651,0.007179917195130607,-0.3451381005384745,7.998463154580694,14.21517383996658,0.09827453405545622,0.09837238810388706,32.7164491656051,-117.81138177814307,59.47,4.398823,292.0867,16.34720062208398,16.436625194401245
1474114182.99965,0.0071748200007415875,-0.34516622812560155,8.018652721660134,14.245197709945277,0.09818699263024665,0.09830211163216024,32.71648647944198,-117.81130302570057,59.4,4.6001769999999995,294.41787999999997,16.391912908242613,16.3646967340591
1474114183.999649,0.007169534829776509,-0.34519433940283095,7.969340306603891,14.248870394278093,0.09816484656155944,0.09830316896572083,32.716523553126386,-117.81122503544697,59.28,4.5911055,289.3391,16.41718506998445,16.35108864696734
1474114184.999648,0.007164256233476709,-0.3452219391463532,7.901998181736118,14.250662241530828,0.09822102283847463,0.0983857496136084,32.71656052921679,-117.81114677086558,59.2,4.609001999999999,287.94785,16.434681181959565,16.526049766718508
1474114185.9996471,0.0071590490648705905,-0.34524892098567656,7.939825347200338,14.262329178687018,0.09847562296625986,0.09852644739727581,32.71659747539536,-117.81106787342759,59.05,4.3253965,285.1092,16.51632970451011,16.50855365474339
1474114186.9996462,0.007153625570203397,-0.34527662344693744,8.00948306153388,14.254178266688417,0.09882100169803269,0.09866487118958686,32.71663438164904,-117.8109897854753,58.91,4.336203599999999,283.88302999999996,16.747667185069986,16.535769828926906
1474114187.9996452,0.007148179701823066,-0.3453055854661145,8.110764608783633,14.246474157781291,0.09892241881572256,0.09867480722825228,32.71667173527074,-117.8109112956113,58.76,4.074514,284.73114,16.631026438569208,16.5746500777605
1474114188.9996443,0.00714261643231965,-0.34533629296066837,8.16258078971139,14.234779411304054,0.09884097516351317,0.09856493868408826,32.716709547734474,-117.81083287035119,58.62,3.8542483,285.74255,63.70139968895801,16.55909797822706
1474114189.9996433,0.007136976725729078,-0.34536694187477585,8.069697657417548,14.212634848955075,0.09869231841009847,0.09841612984844908,32.71674728279241,-117.81075457063139,58.52,3.4351962,287.95654,16.67573872472784,16.695178849144636
1474114190.9996424,0.007131379344450947,-0.3453966257702869,7.990631122796755,14.21131854109223,0.09855437983250359,0.09828617196663357,32.71678482736981,-117.81067585620303,58.44,2.912785,287.88599999999997,16.537713841368586,16.498833592534993
1474114191.9996414,0.007125689233990143,-0.3454239976227574,7.915626603003424,14.192503681449832,0.09853466707940792,0.09827141274884924,32.7168215167393,-117.81059774499289,58.36,2.806163,288.10857999999996,16.485225505443236,16.504665629860032
1474114192.9996405,0.007119975980715719,-0.3454512130612756,7.902197481870281,14.14491729825318,0.09864194298374523,0.09837545147440853,32.7168581809562,-117.81051946857556,58.34,2.7825450000000003,285.83948,16.325816485225506,16.374416796267496
